date_maj,station_id,date_prevue,prevision_brute_tn,prevision_brute_tx,prevision_corrigee_tn,prevision_corrigee_tx,obs_veille_tn,obs_veille_tx
2026-09-24,dent-de-rez,2026-09-25,16.1,26.2,16.1,26.2,,
2026-09-24,rochegude,2026-09-25,17.3,30.7,17.3,30.7,,
2026-09-24,tulette,2026-09-25,16.5,30.5,16.5,30.5,,
2026-09-24,orange-centre,2026-09-25,17.1,31.6,17.1,31.6,,
2026-09-24,saint-saturnin-les-avignon,2026-09-25,17.0,31.0,17.0,31.0,,
2026-09-26,saint-paul-les-fonts,2026-09-27,16.9,29.7,16.9,29.7,13.1,29.4
2026-09-26,viviers,2026-09-27,15.7,29.1,15.7,29.1,11.9,29.2
2026-09-26,montjoyer,2026-09-27,16.1,27.1,16.1,27.1,13.7,27.2
2026-09-26,saint-paul-trois-chateaux,2026-09-27,16.9,29.4,16.9,29.4,14.1,28.6
2026-09-26,bourg-saint-andeol,2026-09-27,16.6,28.6,16.6,28.6,,
2026-09-26,dent-de-rez,2026-09-27,14.5,24.3,14.5,24.3,14.4,27.8
2026-09-26,rochegude,2026-09-27,16.6,29.3,16.6,29.3,,
2026-09-26,bollene,2026-09-27,15.6,29.8,15.6,29.8,11.6,25.9
2026-09-26,tulette,2026-09-27,16.2,29.0,16.2,29.0,,
2026-09-26,orange-centre,2026-09-27,15.9,29.7,15.9,29.7,,
2026-09-26,sorgues,2026-09-27,16.5,30.1,16.5,30.1,16.4,27.4
2026-09-26,saint-saturnin-les-avignon-2,2026-09-27,16.2,29.9,16.2,29.9,,
2026-09-26,saint-saturnin-les-avignon,2026-09-27,16.2,29.9,16.2,29.9,,
2026-09-26,montaren-et-saint-mediers,2026-09-27,15.6,29.0,15.6,29.0,13.3,27.1
2026-09-26,lussan-la-leque,2026-09-27,16.6,27.4,16.6,27.4,6.6,29.7
2026-09-26,saint-hilaire-de-brethmas,2026-09-27,15.7,27.9,15.7,27.9,11.9,27.3
2026-09-26,malbosc,2026-09-27,12.4,25.1,12.4,25.1,16.1,27.7
2026-09-27,saint-paul-les-fonts,2026-09-28,16.0,28.2,15.6,25.4,15.1,18.4
2026-09-27,viviers,2026-09-28,15.1,28.3,15.0,25.8,15.3,19.1
2026-09-27,montjoyer,2026-09-28,16.1,26.2,16.2,23.9,16.3,18.1
2026-09-27,saint-paul-trois-chateaux,2026-09-28,15.5,28.6,15.5,26.1,16.8,19.2
2026-09-27,bourg-saint-andeol,2026-09-28,14.7,27.6,14.7,27.6,,
2026-09-27,dent-de-rez,2026-09-28,14.7,22.6,14.8,20.7,15.0,16.5
2026-09-27,rochegude,2026-09-28,15.2,28.3,15.2,28.3,,
2026-09-27,bollene,2026-09-28,13.9,28.4,13.6,25.5,14.3,18.2
2026-09-27,tulette,2026-09-28,14.9,28.1,14.9,28.1,,
2026-09-27,orange-centre,2026-09-28,14.2,28.5,14.2,28.5,,
2026-09-27,sorgues,2026-09-28,14.6,29.6,14.9,27.1,17.8,19.9
2026-09-27,saint-saturnin-les-avignon-2,2026-09-28,16.4,29.0,16.4,29.0,,
2026-09-27,saint-saturnin-les-avignon,2026-09-28,16.4,29.0,16.4,29.0,,
2026-09-27,montaren-et-saint-mediers,2026-09-28,15.9,27.5,16.0,24.8,15.8,18.1
2026-09-27,lussan-la-leque,2026-09-28,15.0,25.8,13.6,23.0,11.1,16.3
2026-09-27,saint-hilaire-de-brethmas,2026-09-28,15.9,26.5,16.0,24.0,15.9,17.9
2026-09-27,malbosc,2026-09-28,14.6,23.5,15.4,21.8,15.5,18.2
